date,open,high,close,low,volume,price_change,p_change,ma5,ma10,ma20,v_ma5,v_ma10,v_ma20
2019-05-30,12.32,12.38,12.22,12.11,646284.62,-0.18,-1.45,12.366,12.39,12.579,747470.29,739308.42,953969.39
2019-05-29,12.36,12.59,12.4,12.26,666411.5,-0.09,-0.72,12.38,12.453,12.673,751584.45,738170.1,973189.95
2019-05-28,12.31,12.55,12.49,12.26,880703.12,0.12,0.97,12.38,12.505,12.742,719548.29,781927.8,990340.43
2019-05-27,12.21,12.42,12.37,11.93,1048426.0,0.02,0.16,12.394,12.505,12.824,689649.77,812117.3,1001879.1
2019-05-24,12.35,12.45,12.35,12.31,495526.19,0.06,0.49,12.396,12.498,12.928,637251.61,781466.47,1046943.98
2019-05-23,12.24,12.42,12.29,12.14,666855.44,-0.11,-0.89,12.414,12.531,13.014,731146.55,851153.75,1069202.04
2019-05-22,12.57,12.57,12.4,12.32,506230.72,-0.16,-1.27,12.526,12.518,13.107,724755.75,940183.37,1101972.96
2019-05-21,12.4,12.73,12.56,12.36,731210.5,0.18,1.45,12.63,12.538,13.223,844307.3,987105.38,1138963.23
2019-05-20,12.35,12.54,12.38,12.25,786435.19,-0.06,-0.48,12.616,12.577,13.312,934584.83,1021250.17,1127754.97
2019-05-17,12.92,12.93,12.44,12.36,965000.88,-0.41,-3.19,12.6,12.626,13.411,925681.34,1153473.43,1138638.7
2019-05-16,12.93,12.99,12.85,12.78,634901.44,-0.07,-0.54,12.648,12.767,13.518,971160.96,1168630.36,1209357.42
2019-05-15,12.58,13.11,12.92,12.57,1103988.5,0.43,3.44,12.51,12.892,13.56,1155611.0,1208209.79,1254306.88
2019-05-14,12.2,12.75,12.49,12.16,1182598.12,0.19,1.54,12.446,12.979,13.585,1129903.46,1198753.07,1237823.69
2019-05-13,12.33,12.54,12.3,12.23,741917.75,-0.38,-3.0,12.538,13.143,13.637,1107915.51,1191640.89,1211461.61
2019-05-10,12.34,12.75,12.68,12.1,1192399.0,0.52,4.28,12.652,13.357,13.709,1381265.51,1312421.48,1221722.48
2019-05-09,12.52,12.58,12.16,12.05,1557151.62,-0.44,-3.49,12.886,13.496,13.765,1366099.76,1287250.32,1201169.15
2019-05-08,12.72,12.91,12.6,12.5,975450.81,-0.35,-2.7,13.274,13.695,13.855,1260808.59,1263762.55,1210470.37
2019-05-07,13.03,13.09,12.95,12.72,1072658.38,0.08,0.62,13.512,13.908,13.918,1267602.68,1290821.08,1263416.08
2019-05-06,13.1,13.35,12.87,12.71,2108667.75,-0.98,-7.08,13.748,14.047,13.943,1275366.28,1234259.77,1249428.95
2019-04-30,13.99,14.05,13.85,13.59,1116570.25,-0.25,-1.77,14.062,14.195,13.967,1243577.45,1123803.97,1199014.76
2019-04-29,13.9,14.33,14.1,13.86,1030695.75,0.31,2.25,14.106,14.268,13.934,1208400.88,1250084.47,1240756.31
2019-04-26,14.08,14.25,13.79,13.7,1009421.25,-0.34,-2.41,14.116,14.227,13.87,1266716.5,1300403.97,1272696.84
2019-04-25,14.38,14.64,14.13,14.13,1111476.38,-0.31,-2.15,14.304,14.19,13.791,1314039.48,1276894.31,1258849.15
2019-04-24,14.45,14.6,14.44,14.16,1949723.62,0.37,2.63,14.346,14.131,13.704,1193153.26,1231282.33,1249416.67
2019-04-23,14.1,14.2,14.07,13.97,940687.38,-0.08,-0.56,14.328,14.06,13.587,1004030.49,1131023.48,1198700.15
2019-04-22,14.6,14.84,14.15,14.08,1322273.88,-0.58,-3.94,14.43,14.034,13.489,1291768.07,1115087.98,1210659.94
2019-04-19,14.45,14.8,14.73,14.3,1246036.12,0.39,2.72,14.338,14.015,13.411,1334091.44,1157178.2,1180221.35
2019-04-18,14.3,14.37,14.34,14.11,507045.28,-0.01,-0.07,14.076,13.928,13.309,1239749.14,1236011.09,1160926.59
2019-04-17,14.42,14.59,14.35,14.23,1004109.81,-0.23,-1.58,13.916,13.838,13.229,1269411.41,1264598.14,1182074.14
2019-04-16,13.67,14.58,14.58,13.55,2379375.25,0.89,6.5,13.792,13.739,13.151,1258016.46,1274225.56,1179728.48
2019-04-15,13.72,14.09,13.69,13.66,1533890.75,0.27,2.01,13.638,13.599,13.068,938407.89,1231428.14,1135082.45
2019-04-12,13.49,13.59,13.42,13.21,774324.62,-0.12,-0.89,13.692,13.512,13.008,980264.96,1244989.71,1110658.22
2019-04-11,13.73,13.96,13.54,13.49,655356.62,-0.19,-1.38,13.78,13.392,12.959,1232273.04,1240803.99,1124815.38
2019-04-10,13.75,13.88,13.73,13.4,947135.06,-0.08,-0.58,13.76,13.276,12.9,1259784.86,1267551.01,1155518.91
2019-04-09,13.87,13.98,13.81,13.75,781332.38,-0.15,-1.07,13.686,13.113,12.832,1290434.65,1266376.83,1178751.9
2019-04-08,13.9,14.43,13.96,13.72,1743176.12,0.1,0.72,13.56,12.943,12.757,1524448.4,1306231.91,1197567.82
2019-04-04,13.43,14.0,13.86,13.43,2034365.0,0.42,3.12,13.332,12.806,12.674,1509714.45,1203264.51,1199317.12
2019-04-03,13.21,13.45,13.44,13.15,792915.75,0.08,0.6,13.004,12.689,12.618,1249334.94,1085842.09,1186701.73
2019-04-02,13.28,13.48,13.36,13.23,1100384.0,0.18,1.37,12.792,12.62,12.6,1275317.15,1099550.15,1209343.95
2019-04-01,12.83,13.55,13.18,12.83,1951401.12,0.36,2.81,12.54,12.563,12.585,1242319.0,1085231.4,1224745.86
2019-03-29,12.26,12.82,12.82,12.21,1669506.38,0.6,4.91,12.326,12.536,12.576,1088015.43,1038736.76,1250017.33
2019-03-28,12.31,12.31,12.22,12.1,732467.44,-0.16,-1.29,12.28,12.504,12.573,896814.56,976326.73,1252175.98
2019-03-27,12.24,12.47,12.38,12.18,922826.81,0.28,2.31,12.374,12.525,12.58,922349.24,1008826.77,1271207.6
2019-03-26,12.23,12.29,12.1,12.01,935393.25,-0.01,-0.08,12.448,12.524,12.581,923783.15,1043486.81,1324016.95
2019-03-25,12.4,12.4,12.11,12.1,1179883.25,-0.48,-3.81,12.586,12.55,12.586,928143.8,1091126.98,1378124.54
2019-03-22,12.69,12.74,12.59,12.5,713502.06,-0.1,-0.79,12.746,12.571,12.608,989458.1,1088903.73,1460377.13
2019-03-21,12.77,12.8,12.69,12.58,860140.81,-0.06,-0.47,12.728,12.542,12.555,1055838.89,1195369.73,1483904.41
2019-03-20,12.68,12.88,12.75,12.62,929996.38,-0.04,-0.31,12.676,12.547,12.489,1095304.3,1287561.38,1478609.69
2019-03-19,12.92,12.94,12.79,12.61,957196.5,-0.12,-0.93,12.6,12.58,12.422,1163190.48,1319137.75,1473741.37
2019-03-18,12.53,12.94,12.91,12.32,1486454.75,0.41,3.28,12.514,12.607,12.346,1254110.15,1364260.33,1489425.65
2019-03-15,12.34,12.68,12.5,12.34,1045406.0,0.07,0.56,12.396,12.615,12.268,1188349.35,1461297.9,1477879.02
2019-03-14,12.33,12.62,12.43,12.27,1057467.88,0.06,0.48,12.356,12.641,12.191,1334900.58,1528025.23,1480615.1
2019-03-13,12.34,12.55,12.37,12.13,1269427.25,0.01,0.08,12.418,12.634,12.132,1479818.45,1533588.43,1471200.96
2019-03-12,12.49,12.64,12.36,12.24,1411794.88,0.04,0.33,12.56,12.637,12.082,1475085.02,1604547.09,1464597.89
2019-03-11,12.3,12.49,12.32,12.05,1157650.75,0.02,0.16,12.7,12.621,12.024,1474410.5,1665122.1,1442004.99
2019-03-08,12.49,12.7,12.3,12.25,1778162.12,-0.44,-3.45,12.834,12.644,11.968,1734246.45,1831850.53,1424219.28
2019-03-07,13.06,13.06,12.74,12.55,1782057.25,-0.34,-2.6,12.926,12.568,11.913,1721149.87,1772439.09,1386024.68
2019-03-06,13.06,13.15,13.08,12.84,1245760.12,0.02,0.15,12.85,12.43,11.831,1587358.4,1669658.01,1338502.95
2019-03-05,12.91,13.29,13.06,12.84,1408422.25,0.07,0.54,12.714,12.263,11.725,1734009.15,1628344.98,1311815.0
2019-03-04,12.7,13.38,12.99,12.62,2456830.5,0.23,1.8,12.542,12.084,11.622,1855833.7,1614590.97,1282725.44
2019-03-01,12.48,12.78,12.76,12.2,1712679.25,0.4,3.24,12.454,11.921,11.519,1929454.6,1494460.14,1211679.41
2019-02-28,12.44,12.61,12.36,12.27,1113099.88,-0.04,-0.32,12.21,11.74,11.431,1823728.3,1433204.97,1231463.54
2019-02-27,12.24,12.66,12.4,12.15,1979013.88,0.2,1.64,12.01,11.629,11.339,1751957.63,1408813.5,1209770.59
2019-02-26,12.55,12.57,12.2,12.15,2017545.0,-0.35,-2.79,11.812,11.527,11.237,1522680.81,1324648.69,1137713.73
2019-02-25,11.7,12.64,12.55,11.57,2824935.0,1.01,8.75,11.626,11.426,11.141,1373348.24,1218887.88,1058057.16
2019-02-22,11.35,11.57,11.54,11.15,1184047.75,0.18,1.58,11.388,11.292,11.03,1059465.69,1016588.04,949778.2
2019-02-21,11.38,11.55,11.36,11.28,754246.5,-0.05,-0.44,11.27,11.258,10.975,1042681.64,999610.27,927515.47
2019-02-20,11.33,11.53,11.41,11.25,832629.81,0.14,1.24,11.248,11.232,10.919,1065669.37,1007347.89,933943.74
2019-02-19,11.36,11.62,11.27,11.24,1270882.12,-0.09,-0.79,11.242,11.186,10.873,1126616.56,995285.02,941197.22
2019-02-18,11.05,11.36,11.36,11.04,1255522.25,0.41,3.74,11.226,11.159,10.821,1064427.51,950859.92,904761.14
2019-02-15,11.23,11.23,10.95,10.9,1100127.5,-0.3,-2.67,11.196,11.117,10.759,973710.39,928898.67,867007.21
2019-02-14,11.3,11.33,11.25,11.19,869185.19,-0.13,-1.14,11.246,11.122,10.721,956538.9,1029722.12,846819.06
2019-02-13,11.19,11.41,11.38,11.12,1137365.75,0.19,1.7,11.216,11.049,10.664,949026.41,1010727.69,856950.69
2019-02-12,11.2,11.31,11.19,11.03,959936.88,-0.02,-0.18,11.13,10.946,10.592,863953.47,950778.77,861756.72
2019-02-11,11.08,11.21,11.21,10.97,801936.62,0.01,0.09,11.092,10.855,10.515,837292.32,897226.44,833879.28
2019-02-01,11.2,11.25,11.2,10.96,1014270.06,0.1,0.9,11.038,10.768,10.442,884086.95,882968.36,837066.83
2019-01-31,10.98,11.2,11.1,10.94,831622.75,0.15,1.37,10.998,10.691,10.369,1102905.34,855420.67,860411.28
2019-01-30,10.95,11.18,10.95,10.86,712001.06,-0.05,-0.46,10.882,10.606,10.278,1072428.96,860539.59,839607.04
2019-01-29,10.96,11.07,11.0,10.77,826631.12,0.06,0.55,10.762,10.559,10.19,1037604.07,887109.43,830976.3
2019-01-28,11.04,11.14,10.94,10.88,1035909.75,-0.06,-0.55,10.618,10.483,10.109,957160.56,858662.37,818474.95
2019-01-25,10.56,11.04,11.0,10.55,2108362.0,0.48,4.56,10.498,10.4,10.026,881849.76,805115.75,797909.12
2019-01-24,10.4,10.55,10.52,10.37,679240.88,0.17,1.64,10.384,10.32,9.941,607936.01,663916.01,713548.05
2019-01-23,10.29,10.47,10.35,10.29,537876.62,0.07,0.68,10.33,10.278,9.882,648650.22,703173.68,708916.78
2019-01-22,10.34,10.44,10.28,10.26,424413.56,-0.06,-0.58,10.356,10.237,9.836,736614.78,772734.66,707478.83
2019-01-21,10.34,10.47,10.34,10.32,659355.75,-0.09,-0.86,10.348,10.175,9.794,760164.18,770532.12,736289.0
2019-01-18,10.34,10.49,10.43,10.28,738793.25,0.18,1.76,10.302,10.115,9.763,728381.74,791165.31,752835.45
2019-01-17,10.54,10.57,10.25,10.17,882811.94,-0.23,-2.19,10.256,10.047,9.738,719896.01,865401.88,745796.14
2019-01-16,10.24,10.5,10.48,10.23,977699.38,0.24,2.34,10.226,9.95,9.732,757697.14,818674.49,728542.75
2019-01-15,10.11,10.28,10.24,10.09,542160.56,0.13,1.29,10.118,9.821,9.722,808854.54,774843.18,708221.53
2019-01-14,10.22,10.25,10.11,10.07,500443.59,-0.09,-0.88,10.002,9.735,9.719,780900.05,778287.52,707447.26
2019-01-11,10.11,10.22,10.2,10.05,696364.56,0.1,0.99,9.928,9.652,9.733,853948.87,790702.49,721967.34
2019-01-10,9.87,10.2,10.1,9.86,1071817.62,0.16,1.61,9.838,9.562,9.735,1010907.76,763180.09,705468.06
2019-01-09,9.74,10.08,9.94,9.7,1233486.38,0.28,2.9,9.674,9.486,9.741,879651.83,714659.88,666831.66
2019-01-08,9.73,9.74,9.66,9.62,402388.12,-0.08,-0.82,9.524,9.434,9.753,740831.82,642223.01,629898.29
2019-01-07,9.84,9.85,9.74,9.63,865687.69,-0.01,-0.1,9.468,9.413,9.784,775674.99,702045.88,626789.69
2019-01-04,9.24,9.82,9.75,9.22,1481159.0,0.47,5.07,9.376,9.41,9.809,727456.11,714505.59,612448.63
2019-01-03,9.18,9.33,9.28,9.15,415537.97,0.09,0.98,9.286,9.429,9.844,515452.42,626190.39,567467.94
2019-01-02,9.39,9.42,9.19,9.16,539386.31,-0.19,-2.03,9.298,9.513,9.91,549667.92,638411.02,573431.7
2018-12-28,9.31,9.46,9.38,9.31,576604.0,0.1,1.08,9.344,9.623,9.98,543614.19,641599.88,599667.24
2018-12-27,9.45,9.49,9.28,9.28,624593.25,-0.02,-0.21,9.358,9.702,10.029,628416.76,636606.99,600572.81
2018-12-26,9.35,9.42,9.3,9.27,421140.59,-0.04,-0.43,9.444,9.813,10.075,701555.07,653232.18,593607.35
2018-12-25,9.29,9.43,9.34,9.21,586615.44,-0.08,-0.85,9.572,9.907,10.124,736928.35,647756.03,599437.89
2018-12-24,9.4,9.45,9.42,9.31,509117.69,-0.03,-0.32,9.728,9.996,10.166,727154.12,619003.45,606779.54
2018-12-21,9.68,9.7,9.45,9.33,1000616.81,-0.26,-2.68,9.902,10.071,10.212,739585.56,617573.57,607152.11
2018-12-20,9.92,9.97,9.71,9.63,990284.81,-0.23,-2.31,10.046,10.154,10.255,644797.22,551533.5,592139.18
2018-12-19,10.14,10.18,9.94,9.9,598007.0,-0.18,-1.78,10.182,10.208,10.297,604909.3,510391.67,567638.33
2018-12-18,10.2,10.32,10.12,10.1,537744.31,-0.17,-1.65,10.242,10.259,10.331,558583.71,508745.49,571045.84
2018-12-17,10.16,10.33,10.29,10.1,571274.88,0.12,1.18,10.264,10.306,10.353,510852.77,508452.37,595852.5
2018-12-14,10.34,10.35,10.17,10.16,526675.12,-0.22,-2.12,10.24,10.336,10.381,495561.57,557734.61,635333.11
2018-12-13,10.25,10.48,10.39,10.2,790845.19,0.15,1.47,10.262,10.355,10.401,458269.78,564538.63,661978.98
2018-12-12,10.3,10.32,10.24,10.2,366379.03,0.01,0.1,10.234,10.336,10.413,415874.04,533982.51,667509.82
2018-12-11,10.21,10.26,10.23,10.17,299089.62,0.06,0.59,10.276,10.34,10.423,458907.28,551119.75,687902.86
2018-12-10,10.22,10.27,10.17,10.13,494818.88,-0.11,-1.07,10.348,10.335,10.438,506051.97,594555.63,726573.26
2018-12-07,10.3,10.39,10.28,10.27,340216.16,0.03,0.29,10.432,10.352,10.458,619907.64,596730.65,747849.01
2018-12-06,10.36,10.37,10.25,10.23,578866.5,-0.2,-1.91,10.448,10.356,10.471,670807.47,632744.85,812301.66
2018-12-05,10.49,10.51,10.45,10.4,581545.25,-0.14,-1.32,10.438,10.386,10.503,652090.98,624884.99,823057.13
2018-12-04,10.57,10.62,10.59,10.53,534813.06,0.0,0.0,10.404,10.402,10.521,643332.22,633346.19,833259.74
2018-12-03,10.59,10.66,10.59,10.47,1064097.25,0.23,2.22,10.322,10.4,10.534,683059.28,683252.64,843305.38
2018-11-30,10.22,10.36,10.36,10.17,594715.31,0.16,1.57,10.272,10.426,10.55,573553.66,712931.61,854696.72
2018-11-29,10.35,10.39,10.2,10.19,485284.03,-0.08,-0.78,10.264,10.447,10.587,594682.23,759419.33,935607.11
2018-11-28,10.17,10.31,10.28,10.16,537751.44,0.1,0.98,10.334,10.489,10.618,597678.99,801037.13,988481.72
2018-11-27,10.35,10.39,10.18,10.16,733448.38,-0.16,-1.55,10.4,10.505,10.65,623360.17,824685.97,1019228.34
2018-11-26,10.34,10.46,10.34,10.3,516569.12,0.02,0.19,10.478,10.541,10.686,683445.99,858590.89,1057647.31
2018-11-23,10.53,10.58,10.32,10.31,700358.19,-0.23,-2.18,10.58,10.563,10.706,852309.57,898967.37,1111400.3
2018-11-22,10.67,10.67,10.55,10.48,500267.84,-0.06,-0.57,10.63,10.586,10.749,924156.43,991858.46,1141381.14
2018-11-21,10.5,10.67,10.61,10.48,666157.31,0.04,0.38,10.644,10.62,10.786,1004395.26,1021229.28,1200618.32
2018-11-20,10.75,10.8,10.57,10.52,1033877.5,-0.28,-2.58,10.61,10.64,10.808,1026011.76,1033173.29,1258781.68
2018-11-19,10.57,10.88,10.85,10.57,1360887.0,0.28,2.65,10.604,10.667,10.821,1033735.79,1003358.12,1287215.1
2018-11-16,10.61,10.72,10.57,10.49,1059592.5,-0.05,-0.47,10.546,10.674,10.836,945625.17,996461.83,1351447.9
2018-11-15,10.44,10.64,10.62,10.42,901462.0,0.18,1.72,10.542,10.726,10.846,1059560.5,1111794.88,1402651.65
2018-11-14,10.53,10.55,10.44,10.42,774239.81,-0.1,-0.95,10.596,10.747,10.819,1038063.3,1175926.32,1407636.35
2018-11-13,10.41,10.65,10.54,10.38,1072497.62,-0.02,-0.19,10.67,10.794,10.814,1040334.82,1213770.71,1436468.85
2018-11-12,10.46,10.58,10.56,10.38,920333.94,0.01,0.1,10.73,10.83,10.805,972980.45,1256703.74,1452690.02
2018-11-09,10.71,10.73,10.55,10.4,1629269.12,-0.34,-3.12,10.802,10.849,10.783,1047298.49,1323833.22,1476807.59
2018-11-08,10.88,10.97,10.89,10.82,793976.0,0.08,0.74,10.91,10.912,10.77,1164029.26,1290903.82,1471184.64
2018-11-07,10.83,10.95,10.81,10.75,785597.44,-0.03,-0.28,10.898,10.952,10.719,1313789.34,1380007.36,1531243.04
2018-11-06,10.87,10.93,10.84,10.73,735725.75,-0.08,-0.73,10.918,10.975,10.701,1387206.6,1484390.08,1541723.17
2018-11-05,10.95,11.04,10.92,10.82,1291924.12,-0.17,-1.53,10.93,10.975,10.687,1540427.03,1571072.09,1558141.09
2018-11-02,11.04,11.16,11.09,10.83,2212923.0,0.26,2.4,10.896,10.998,10.663,1600367.95,1706433.98,1577862.81
2018-11-01,10.99,11.05,10.83,10.76,1542776.38,-0.08,-0.73,10.914,10.965,10.661,1417778.38,1693508.41,1572728.8
2018-10-31,10.95,10.99,10.91,10.75,1152683.75,0.01,0.09,11.006,10.891,10.657,1446225.38,1639346.38,1539608.15
2018-10-30,10.78,11.08,10.9,10.73,1501827.88,0.15,1.4,11.032,10.833,10.647,1581573.55,1659166.98,1556499.64
2018-10-29,11.2,11.24,10.75,10.62,1591628.75,-0.43,-3.85,11.02,10.78,10.629,1601717.15,1648676.31,1530258.98
2018-10-26,11.29,11.31,11.18,10.96,1299975.12,-0.11,-0.97,11.1,10.716,10.625,1812500.0,1629781.96,1531903.46
2018-10-25,10.8,11.29,11.29,10.71,1685011.38,0.25,2.26,11.016,10.628,10.578,1969238.45,1651465.47,1497922.13
2018-10-24,10.9,11.33,11.04,10.8,1829424.62,0.2,1.84,10.776,10.485,10.525,1832467.39,1682478.72,1475248.99
2018-10-23,11.2,11.22,10.84,10.73,1602545.88,-0.31,-2.78,10.634,10.426,10.477,1736760.41,1599056.26,1440118.14
2018-10-22,10.81,11.46,11.15,10.78,2645543.0,0.39,3.62,10.54,10.398,10.42,1695635.46,1545210.1,1385844.96
2018-10-19,9.95,10.78,10.76,9.92,2083667.38,0.67,6.64,10.332,10.328,10.354,1447063.91,1449291.65,1284555.32
2018-10-18,10.29,10.29,10.09,10.06,1001156.06,-0.24,-2.32,10.24,10.357,10.314,1333692.49,1451949.19,1230358.23
2018-10-17,10.5,10.55,10.33,10.14,1350889.75,-0.04,-0.39,10.194,10.422,10.304,1532490.05,1439869.92,1208541.89
2018-10-16,10.14,10.54,10.37,10.12,1396921.12,0.26,2.57,10.218,10.46,10.283,1461352.11,1453832.29,1176645.78
2018-10-15,10.39,10.47,10.11,10.09,1402685.25,-0.19,-1.84,10.256,10.478,10.258,1394784.74,1411841.66,1138649.18
2018-10-12,9.97,10.34,10.3,9.87,1516810.25,0.44,4.46,10.324,10.534,10.253,1451519.39,1434024.97,1108966.69
2018-10-11,10.05,10.16,9.86,9.7,1995143.88,-0.59,-5.65,10.474,10.527,10.237,1570205.89,1344378.78,1068715.05
2018-10-10,10.54,10.66,10.45,10.38,995200.06,-0.11,-1.04,10.65,10.565,10.246,1347249.79,1268019.27,1027930.52
2018-10-09,10.46,10.7,10.56,10.39,1064084.25,0.11,1.05,10.702,10.528,10.245,1446312.48,1281180.01,1042987.62
2018-10-08,10.7,10.79,10.45,10.45,1686358.5,-0.6,-5.43,10.7,10.441,10.227,1428898.58,1226479.82,1025368.19
2018-09-28,10.78,11.27,11.05,10.78,2110242.75,0.31,2.89,10.744,10.38,10.211,1416530.55,1119818.99,1006593.53
2018-09-27,10.65,10.84,10.74,10.57,880363.38,0.03,0.28,10.58,10.271,10.164,1118551.68,1008767.28,950827.28
2018-09-26,10.61,10.92,10.71,10.52,1490513.5,0.16,1.52,10.48,10.185,10.141,1188788.75,977213.86,951903.29
2018-09-25,10.52,10.68,10.55,10.48,977014.75,-0.12,-1.12,10.354,10.105,10.12,1116047.55,899459.26,941866.48
2018-09-21,10.26,10.7,10.67,10.18,1624518.38,0.44,4.3,10.182,10.038,10.114,1024061.06,865456.71,1003936.95
2018-09-20,10.27,10.36,10.23,10.19,620348.38,-0.01,-0.1,10.016,9.972,10.082,823107.43,783908.41,1074731.44
2018-09-19,10.03,10.34,10.24,10.03,1231548.75,0.16,1.59,9.962,9.946,10.038,898982.87,793051.32,1080167.76
2018-09-18,9.73,10.12,10.08,9.7,1126807.5,0.39,4.03,9.89,9.927,9.991,765638.96,787841.77,1067712.02
2018-09-17,9.8,9.8,9.69,9.68,517082.31,-0.15,-1.52,9.856,9.962,9.948,682870.96,804795.23,1074595.37
2018-09-14,9.98,9.98,9.84,9.81,619750.19,-0.12,-1.21,9.894,10.012,9.914,706852.35,824256.57,1082807.36
2018-09-13,10.09,10.1,9.96,9.84,999725.62,0.08,0.81,9.928,10.041,9.862,744709.39,893368.08,1084293.67
2018-09-12,9.87,9.97,9.88,9.82,564829.19,-0.03,-0.3,9.93,10.057,9.803,687119.76,892887.29,1066221.02
2018-09-11,9.9,10.03,9.91,9.81,712967.5,0.03,0.3,9.964,10.096,9.749,810044.58,926592.72,1071501.7
2018-09-10,10.01,10.07,9.88,9.84,636989.25,-0.13,-1.3,10.068,10.134,9.703,926719.5,984273.69,1057365.35
2018-09-07,10.04,10.18,10.01,9.93,809035.38,0.04,0.4,10.13,10.189,9.662,941660.79,1142417.19,1066440.44
2018-09-06,10.05,10.14,9.97,9.95,711777.5,-0.08,-0.8,10.154,10.191,9.623,1042026.76,1365554.48,1047197.09
2018-09-05,10.3,10.33,10.05,10.05,1179453.25,-0.38,-3.64,10.184,10.13,9.589,1098654.81,1367284.19,1051947.4
2018-09-04,10.2,10.55,10.43,10.07,1296342.12,0.24,2.35,10.228,10.054,9.539,1043140.86,1347582.27,1021922.4
2018-09-03,10.09,10.3,10.19,10.09,711695.69,0.06,0.59,10.2,9.934,9.476,1041827.89,1344395.51,991626.45
2018-08-31,10.13,10.32,10.13,10.1,1310865.25,0.01,0.1,10.248,9.815,9.413,1343173.6,1341358.14,983742.17
2018-08-30,10.27,10.35,10.12,10.08,994917.75,-0.15,-1.46,10.228,9.683,9.352,1689082.2,1275219.27,942026.24
2018-08-29,10.25,10.33,10.27,10.15,901883.5,-0.02,-0.19,10.076,9.549,9.293,1635913.57,1239554.76,938850.42
2018-08-28,10.34,10.43,10.29,10.24,1289777.25,-0.14,-1.34,9.88,9.401,9.237,1652023.67,1216410.69,934460.32
2018-08-27,10.02,10.43,10.43,9.97,2218424.25,0.4,3.99,9.668,9.272,9.194,1646963.12,1130457.0,905979.0
2018-08-24,9.31,10.28,10.03,9.29,3040408.25,0.67,7.16,9.382,9.134,9.142,1339542.69,990463.69,830377.09
2018-08-23,9.3,9.42,9.36,9.23,729074.62,0.07,0.75,9.138,9.054,9.103,861356.35,728839.7,704112.98
2018-08-22,9.24,9.34,9.29,9.13,982434.0,0.06,0.65,9.022,9.047,9.097,843195.94,736610.61,709327.16
2018-08-21,9.02,9.26,9.23,9.01,1264474.5,0.23,2.56,8.922,9.023,9.102,780797.7,696262.53,690911.6
2018-08-20,8.9,9.02,9.0,8.87,681322.06,0.19,2.16,8.876,9.017,9.11,613950.87,638857.4,698982.58
2018-08-17,8.88,8.94,8.81,8.78,649476.56,0.03,0.34,8.886,9.011,9.131,641384.69,626126.2,754000.9
2018-08-16,8.73,8.89,8.78,8.64,638272.56,-0.01,-0.11,8.97,9.021,9.146,596323.05,608833.21,809240.94
2018-08-15,9.02,9.02,8.79,8.75,670442.81,-0.21,-2.33,9.072,9.037,9.144,630025.29,638146.08,800395.93
2018-08-14,9.03,9.04,9.0,8.94,430240.38,-0.05,-0.55,9.124,9.073,9.139,611727.36,652509.96,793131.43
2018-08-13,9.12,9.16,9.05,8.9,818491.12,-0.18,-1.95,9.158,9.115,9.125,663763.93,681501.01,790387.23
2018-08-10,9.3,9.32,9.23,9.16,424168.38,-0.06,-0.65,9.136,9.149,9.109,610867.71,670290.49,783954.95
2018-08-09,9.04,9.35,9.29,9.02,806783.75,0.24,2.65,9.072,9.151,9.092,621343.36,679386.26,792915.44
2018-08-08,9.16,9.16,9.05,9.04,578953.19,-0.12,-1.31,9.002,9.147,9.071,646266.86,682043.7,809600.88
2018-08-07,8.96,9.17,9.17,8.88,690423.19,0.23,2.57,9.022,9.18,9.058,693292.56,685560.67,823218.05
2018-08-06,8.94,9.11,8.94,8.89,554010.06,0.03,0.34,9.072,9.203,9.048,699238.09,759107.76,833539.99
2018-08-03,8.93,9.1,8.91,8.91,476546.62,-0.03,-0.34,9.162,9.251,9.053,729713.27,881875.59,876337.22
2018-08-02,9.13,9.15,8.94,8.88,931401.25,-0.21,-2.29,9.23,9.271,9.04,737429.16,1009648.68,901924.02
2018-08-01,9.42,9.5,9.15,9.11,814081.69,-0.27,-2.87,9.292,9.25,9.023,717820.54,962645.79,897142.4
2018-07-31,9.37,9.49,9.42,9.25,720150.81,0.03,0.32,9.338,9.205,8.996,677828.77,933752.9,891995.98
2018-07-30,9.32,9.49,9.39,9.26,706386.0,0.14,1.51,9.334,9.135,8.959,818977.43,899273.45,919730.37
2018-07-27,9.3,9.36,9.25,9.18,515126.03,0.0,0.0,9.34,9.069,8.92,1034037.91,897619.41,950187.08
2018-07-26,9.4,9.48,9.25,9.21,833358.19,-0.13,-1.39,9.312,9.032,8.912,1281868.2,906444.63,958195.76
2018-07-25,9.44,9.47,9.38,9.33,614122.81,-0.02,-0.21,9.208,8.995,8.895,1207471.04,937158.05,972066.05
2018-07-24,9.39,9.59,9.4,9.33,1425894.12,-0.02,-0.21,9.072,8.935,8.881,1189677.03,960875.44,993617.05
2018-07-23,9.04,9.45,9.42,9.0,1781688.38,0.31,3.4,8.936,8.893,8.879,979569.47,907972.23,978530.19
2018-07-20,8.73,9.2,9.11,8.61,1754277.5,0.38,4.35,8.798,8.854,8.881,761200.92,870798.84,949206.4
2018-07-19,8.75,8.81,8.73,8.69,461372.41,0.03,0.34,8.752,8.809,8.918,531021.06,794199.37,894383.45
2018-07-18,8.75,8.85,8.7,8.69,525152.75,-0.02,-0.23,8.782,8.796,8.974,666845.05,831639.01,913318.37
2018-07-17,8.74,8.75,8.72,8.66,375356.31,-0.01,-0.12,8.798,8.787,9.035,732073.85,850239.07,925242.6
2018-07-16,8.85,8.9,8.73,8.69,689845.62,-0.15,-1.69,8.85,8.782,9.092,836374.99,940187.29,984768.5
2018-07-13,8.92,8.94,8.88,8.82,603378.19,0.0,0.0,8.91,8.77,9.164,980396.76,1002754.74,1012711.61
2018-07-12,8.6,8.97,8.88,8.58,1140492.38,0.24,2.78,8.866,8.791,9.224,1057377.68,1009946.89,1025862.3
2018-07-11,8.76,8.83,8.78,8.68,851296.75,-0.2,-2.23,8.81,8.795,9.277,996432.96,1006974.05,995366.9
2018-07-10,9.02,9.02,8.98,8.89,896862.0,-0.05,-0.55,8.776,8.826,9.341,968404.29,1026358.65,998467.1
2018-07-09,8.69,9.03,9.03,8.68,1409954.5,0.37,4.27,8.714,8.864,9.394,1043999.59,1049088.15,989692.75
2018-07-06,8.61,8.78,8.66,8.45,988282.75,0.06,0.7,8.63,8.907,9.449,1025112.71,1027613.96,974164.02
2018-07-05,8.62,8.73,8.6,8.55,835768.81,-0.01,-0.12,8.716,9.026,9.534,962516.1,994567.54,987881.79
2018-07-04,8.63,8.75,8.61,8.61,711153.38,-0.06,-0.69,8.78,9.152,9.611,1017515.14,994997.74,981730.52
2018-07-03,8.69,8.7,8.67,8.45,1274838.5,0.06,0.7,8.876,9.282,9.694,1084313.01,1000246.12,978999.89
2018-07-02,9.05,9.05,8.61,8.55,1315520.12,-0.48,-5.28,9.014,9.402,9.774,1054176.71,1029349.71,944909.89
2018-06-29,9.01,9.13,9.09,8.96,675299.69,0.17,1.91,9.184,9.558,9.853,1030115.21,1022668.49,908994.44
2018-06-28,8.95,9.08,8.92,8.87,1110764.0,-0.17,-1.87,9.336,9.656,9.907,1026618.97,1041777.72,924597.47
2018-06-27,9.31,9.4,9.09,9.03,1045142.75,-0.27,-2.88,9.524,9.759,9.965,972480.34,983759.75,925281.62
2018-06-26,9.39,9.44,9.36,9.09,1124157.0,-0.1,-1.06,9.688,9.856,10.03,916179.24,970575.55,917499.23
2018-06-25,9.91,9.92,9.46,9.38,1195212.62,-0.39,-3.96,9.79,9.924,10.091,1004522.71,930297.34,889761.43
2018-06-22,9.8,9.87,9.85,9.77,657818.5,-0.01,-0.1,9.932,9.99,10.148,1015221.76,920714.07,859667.58
2018-06-21,9.93,10.04,9.86,9.86,840070.81,-0.05,-0.51,9.976,10.042,10.186,1056936.46,981196.05,861184.26
2018-06-20,9.87,9.95,9.91,9.76,763637.25,0.04,0.41,9.994,10.07,10.225,995039.16,968463.31,868731.53
2018-06-19,10.05,10.15,9.87,9.82,1565874.38,-0.3,-2.95,10.024,10.105,10.273,1024971.86,957753.66,860043.26
2018-06-15,10.08,10.29,10.17,10.06,1248707.88,0.1,0.99,10.058,10.145,10.327,856071.98,860470.06,819926.22
2018-06-14,9.95,10.15,10.07,9.92,866392.0,0.12,1.21,10.048,10.147,10.366,826206.38,795320.39,786410.07
2018-06-13,10.04,10.06,9.95,9.95,530584.31,-0.11,-1.09,10.108,10.158,10.404,905455.63,807417.23,772415.19
2018-06-12,10.03,10.08,10.06,9.95,913300.75,0.02,0.2,10.146,10.171,10.451,941887.45,866803.5,781604.07
2018-06-11,10.06,10.13,10.04,10.0,721374.94,-0.08,-0.79,10.186,10.203,10.504,890535.45,864422.92,769402.11
2018-06-08,10.33,10.33,10.12,10.06,1099379.88,-0.25,-2.41,10.232,10.258,10.561,864868.14,849225.52,785298.22
2018-06-07,10.2,10.46,10.37,10.18,1262638.25,0.23,2.27,10.246,10.305,10.606,764434.4,798621.1,768947.71
2018-06-06,10.25,10.26,10.14,10.1,712743.44,-0.12,-1.17,10.208,10.329,10.638,709378.83,741172.47,733452.59
2018-06-05,10.29,10.3,10.26,10.11,656540.75,-0.01,-0.1,10.196,10.38,10.679,791719.54,768999.76,729198.22
2018-06-04,10.23,10.31,10.27,10.15,593038.38,0.08,0.79,10.22,10.44,10.717,838310.38,762332.86,765036.47
2018-06-01,10.15,10.29,10.19,10.07,597211.19,0.01,0.1,10.284,10.508,10.744,833582.89,779382.39,784100.03
2018-05-31,10.11,10.19,10.18,10.02,987360.38,0.1,0.99,10.364,10.585,10.768,832807.79,777499.74,789764.95
2018-05-30,10.29,10.29,10.08,10.05,1124447.0,-0.3,-2.89,10.45,10.649,10.797,772966.11,737413.14,804464.71
2018-05-29,10.58,10.63,10.38,10.35,889494.94,-0.21,-1.98,10.564,10.731,10.837,746279.98,696404.65,807768.52
2018-05-28,10.58,10.66,10.59,10.51,569400.94,0.0,0.0,10.66,10.805,10.86,686355.35,674381.3,898783.56
2018-05-25,10.61,10.67,10.59,10.55,593335.69,-0.02,-0.19,10.732,10.864,10.902,725181.89,721370.92,914025.31
2018-05-24,10.66,10.68,10.61,10.58,688152.0,-0.04,-0.38,10.806,10.906,10.956,722191.7,739274.32,920872.85
2018-05-23,10.82,10.82,10.65,10.62,991016.31,-0.21,-1.93,10.848,10.946,11.019,701860.17,725732.71,959520.2
2018-05-22,10.95,10.98,10.86,10.79,589871.81,-0.09,-0.82,10.898,10.978,11.065,646529.32,689396.69,963483.85
2018-05-21,11.07,11.11,10.95,10.93,763533.62,-0.01,-0.09,10.95,10.993,11.089,662407.25,767740.07,981924.79
2018-05-18,10.81,10.97,10.96,10.76,578384.75,0.14,1.29,10.996,10.979,11.115,717559.95,788817.68,986204.7
2018-05-17,10.91,10.94,10.82,10.78,586494.38,-0.08,-0.73,11.006,10.951,11.142,756356.94,802030.15,1031077.73
2018-05-16,11.07,11.07,10.9,10.89,714362.06,-0.22,-1.98,11.044,10.944,11.162,749605.24,871516.27,1066847.59
2018-05-15,11.18,11.19,11.12,11.02,669261.44,-0.06,-0.54,11.058,10.942,11.172,732264.05,919132.39,1102483.12
2018-05-14,11.09,11.23,11.18,11.03,1039297.12,0.17,1.54,11.036,10.915,11.194,873072.89,1123185.82,1134032.85
2018-05-11,11.04,11.13,11.01,10.96,772369.69,0.0,0.0,10.962,10.939,11.211,860075.4,1106679.71,1140724.4
2018-05-10,11.03,11.09,11.01,10.91,552735.88,0.04,0.36,10.896,11.006,11.252,847703.36,1102471.39,1206904.43
2018-05-09,10.98,11.03,10.97,10.88,627656.12,-0.04,-0.36,10.844,11.091,11.273,993427.31,1193307.69,1248815.18
2018-05-08,10.83,11.15,11.01,10.8,1373305.62,0.2,1.85,10.826,11.151,11.275,1106000.74,1237571.01,1271172.16
2018-05-07,10.7,10.83,10.81,10.64,974309.69,0.13,1.22,10.794,11.185,11.268,1373298.76,1196109.51,1282631.32
2018-05-04,10.73,10.83,10.68,10.66,710509.5,-0.07,-0.65,10.916,11.251,11.256,1353284.01,1183591.73,1278453.12
2018-05-03,10.86,10.88,10.75,10.57,1281355.62,-0.13,-1.2,11.116,11.333,11.257,1357239.41,1260125.3,1298393.46
2018-05-02,10.97,11.03,10.88,10.8,1190523.25,0.03,0.28,11.338,11.379,11.265,1393188.06,1262178.9,1271934.36
2018-04-27,11.49,11.51,10.85,10.63,2709795.75,-0.57,-4.99,11.476,11.401,11.273,1369141.29,1285833.85,1278938.32
2018-04-26,11.66,11.69,11.42,11.31,874235.94,-0.26,-2.23,11.576,11.473,11.275,1018920.26,1144879.88,1198399.7
2018-04-25,11.76,11.81,11.68,11.63,730286.5,-0.18,-1.52,11.586,11.483,11.251,1013899.44,1174769.09,1209884.59
2018-04-24,11.63,11.94,11.86,11.58,1461098.88,0.29,2.51,11.55,11.498,11.214,1163011.19,1311337.48,1242550.19
2018-04-23,11.3,11.61,11.57,11.26,1070289.38,0.22,1.94,11.42,11.454,11.188,1131169.74,1304322.67,1260779.78
2018-04-20,11.51,11.58,11.35,11.2,958690.62,-0.12,-1.05,11.326,11.399,11.192,1202526.41,1304773.31,1256479.23
2018-04-19,11.52,11.69,11.47,11.42,849131.81,-0.03,-0.26,11.37,11.351,11.22,1270839.49,1369153.12,1280800.17
2018-04-18,11.45,11.61,11.5,11.28,1475845.25,0.29,2.59,11.38,11.26,11.237,1335638.75,1373314.51,1277151.08
2018-04-17,11.12,11.45,11.21,11.11,1301891.62,0.11,0.99,11.446,11.181,11.254,1459663.77,1336661.62,1243785.76
2018-04-16,11.47,11.47,11.1,11.03,1427072.75,-0.47,-4.06,11.488,11.15,11.275,1477475.6,1281689.83,1226840.35
2018-04-13,11.64,11.79,11.57,11.45,1300256.0,0.05,0.43,11.472,11.145,11.306,1407020.2,1272042.79,1213271.45
2018-04-12,11.8,11.83,11.52,11.42,1173128.12,-0.31,-2.62,11.332,11.077,11.323,1467466.75,1251919.53,1180038.35
2018-04-11,11.39,11.92,11.83,11.38,2095970.38,0.41,3.59,11.14,11.019,11.348,1410990.26,1245000.08,1175495.31
2018-04-10,11.02,11.46,11.42,10.97,1390950.75,0.4,3.63,10.916,10.929,11.358,1213659.46,1173762.89,1134131.86
2018-04-09,10.8,11.1,11.02,10.73,1074795.75,0.15,1.38,10.812,10.921,11.392,1085904.05,1217236.89,1111778.17
2018-04-04,10.68,11.01,10.87,10.6,1602488.75,0.31,2.94,10.818,10.985,11.446,1137065.38,1208185.15,1092526.13
2018-04-03,10.6,10.67,10.56,10.51,890745.69,-0.15,-1.4,10.822,11.088,11.505,1036372.3,1192447.23,1083780.21
2018-04-02,10.87,10.99,10.71,10.7,1109316.38,-0.19,-1.74,10.898,11.214,11.582,1079009.89,1180987.66,1096751.05
2018-03-30,11.04,11.05,10.9,10.88,752173.69,-0.15,-1.36,10.942,11.326,11.64,1133866.31,1150909.9,1078994.39
2018-03-29,10.92,11.17,11.05,10.55,1330602.38,0.16,1.47,11.03,11.4,11.692,1348569.73,1171990.86,1074541.91
2018-03-28,10.85,11.14,10.89,10.79,1099023.38,-0.05,-0.46,11.152,11.466,11.742,1279304.93,1154500.1,1052359.65
2018-03-27,11.1,11.17,10.94,10.86,1103933.62,0.01,0.09,11.354,11.569,11.8,1348522.15,1108157.18,1058115.76
2018-03-26,11.15,11.2,10.93,10.86,1383598.5,-0.41,-3.62,11.53,11.677,11.867,1282965.43,1105990.55,1067212.53
2018-03-23,11.25,11.35,11.34,10.92,1825690.75,-0.32,-2.74,11.71,11.787,11.952,1167953.48,1094500.83,1050320.54
2018-03-22,11.9,11.97,11.66,11.62,984278.38,-0.24,-2.02,11.77,11.862,12.015,995412.0,1006319.45,1009719.17
2018-03-21,11.95,12.12,11.9,11.85,1445109.5,0.08,0.68,11.78,11.907,12.055,1029695.28,976867.11,1023925.55
2018-03-20,11.74,11.88,11.82,11.72,776150.0,-0.01,-0.09,11.784,11.922,12.06,867792.2,975113.19,994879.59
2018-03-19,11.66,11.84,11.83,11.61,808538.75,0.19,1.63,11.824,11.95,12.066,929015.68,1012514.44,1020981.03
2018-03-16,11.72,11.85,11.64,11.64,962983.38,-0.07,-0.6,11.864,11.953,12.061,1021048.18,1007078.88,1041993.21
2018-03-15,11.79,11.85,11.71,11.66,1155694.75,-0.21,-1.76,11.954,11.984,12.063,1017226.89,977092.96,1135091.53
2018-03-14,11.98,12.0,11.92,11.83,635594.12,-0.1,-0.83,12.034,12.017,12.105,924038.95,950219.2,1184197.54
2018-03-13,12.04,12.22,12.02,12.0,1082267.38,-0.01,-0.08,12.06,12.03,12.155,1082434.18,1008074.35,1319703.68
2018-03-12,12.15,12.17,12.03,11.95,1268701.25,-0.06,-0.5,12.076,12.056,12.254,1096013.2,1028434.51,1394733.92
2018-03-09,12.15,12.2,12.09,11.98,943876.94,-0.02,-0.17,12.042,12.116,12.38,993109.57,1006140.26,1447898.75
2018-03-08,12.05,12.15,12.11,11.95,689755.06,0.06,0.5,12.014,12.168,12.478,936959.02,1013118.89,1459530.54
2018-03-07,12.15,12.34,12.05,12.04,1427570.25,-0.05,-0.41,12.0,12.203,12.574,976399.45,1070983.99,1525323.53
2018-03-06,11.95,12.11,12.1,11.77,1150162.5,0.24,2.02,12.0,12.198,12.674,933714.52,1014645.99,1541331.47
2018-03-05,11.93,12.08,11.86,11.8,754183.12,-0.09,-0.75,12.036,12.182,12.751,960855.82,1029447.62,1538560.34
2018-03-02,11.92,12.04,11.95,11.85,663124.19,-0.09,-0.75,12.19,12.168,12.845,1019170.95,1076907.54,1605378.52
2018-03-01,11.92,12.15,12.04,11.9,886957.19,-0.01,-0.08,12.322,12.142,12.95,1089278.75,1293090.1,1673871.74
2018-02-28,12.1,12.19,12.05,11.93,1214145.62,-0.23,-1.87,12.406,12.192,13.058,1165568.54,1418175.88,1748023.12
2018-02-27,12.64,12.7,12.28,12.19,1285869.0,-0.35,-2.77,12.396,12.279,13.188,1095577.46,1631333.02,1816880.45
2018-02-26,12.77,12.85,12.63,12.45,1045758.75,0.02,0.16,12.328,12.451,13.306,1098039.41,1761033.32,1872026.59
2018-02-23,12.58,12.79,12.61,12.45,1013663.19,0.15,1.2,12.146,12.643,13.397,1134644.14,1889657.24,1923432.02
2018-02-22,12.25,12.53,12.46,12.25,1268406.12,0.46,3.83,11.962,12.787,13.506,1496901.45,1905942.2,2001306.19
2018-02-14,11.96,12.03,12.0,11.76,864190.25,0.06,0.5,11.978,12.944,13.619,1670783.23,1979663.06,2045287.24
2018-02-13,11.87,12.21,11.94,11.84,1298178.75,0.22,1.88,12.162,13.149,13.731,2167088.58,2068016.95,2134892.43
2018-02-12,11.78,11.84,11.72,11.56,1228782.38,0.03,0.26,12.574,13.32,13.844,2424027.23,2047673.06,2192210.94
2018-02-09,12.08,12.08,11.69,11.38,2824949.75,-0.85,-6.78,13.14,13.522,13.968,2644670.35,2133849.5,2286891.54
2018-02-08,12.83,12.92,12.54,12.53,2137815.0,-0.38,-2.94,13.612,13.758,14.061,2314982.95,2054653.39,2213343.63
2018-02-07,14.22,14.3,12.92,12.76,3345717.0,-1.08,-7.71,13.91,13.924,14.104,2288542.9,2077870.36,2178646.76
2018-02-06,14.23,14.33,14.0,13.93,2582872.0,-0.55,-3.78,14.136,14.096,14.131,1968945.32,2002427.89,2131524.79
2018-02-05,13.8,14.57,14.55,13.73,2331998.0,0.5,3.56,14.066,14.161,14.085,1671318.9,1983019.86,2069598.44
2018-02-02,13.91,14.1,14.05,13.63,1176512.75,0.02,0.14,13.904,14.15,14.006,1623028.65,1957206.79,2060929.58
2018-02-01,13.95,14.3,14.03,13.84,2005614.75,-0.02,-0.14,13.904,14.225,13.968,1794323.82,2096670.19,2062619.58
2018-01-31,13.6,14.05,14.05,13.53,1747729.12,0.4,2.93,13.938,14.294,13.929,1867197.82,2110911.41,2055064.32
2018-01-30,13.7,13.84,13.65,13.55,1094739.88,-0.09,-0.66,14.056,14.312,13.893,2035910.45,2201767.9,2115802.78
2018-01-29,14.05,14.25,13.74,13.6,2090546.75,-0.31,-2.21,14.256,14.367,13.896,2294720.82,2336748.81,2165145.41
2018-01-26,14.18,14.34,14.05,14.02,2032988.62,-0.15,-1.06,14.396,14.413,13.874,2291384.92,2439933.59,2109763.84
2018-01-25,14.45,14.47,14.2,14.0,2369984.75,-0.44,-3.0,14.546,14.363,13.832,2399016.55,2372033.86,2085765.93
2018-01-24,14.66,15.08,14.64,14.5,2591292.25,-0.01,-0.07,14.65,14.283,13.786,2354625.0,2279423.16,2035595.03
2018-01-23,14.36,14.9,14.65,14.33,2388791.75,0.21,1.45,14.568,14.166,13.737,2367625.35,2260621.69,1962214.84
2018-01-22,14.6,14.94,14.44,14.43,2073867.25,-0.36,-2.43,14.478,14.009,13.667,2378776.8,2156177.03,1922053.62
2018-01-19,14.8,15.13,14.8,14.68,2571146.75,0.08,0.54,14.43,13.861,13.621,2588482.25,2164652.38,1855505.3
2018-01-18,14.4,14.72,14.72,14.28,2148027.0,0.49,3.44,14.18,13.711,13.558,2345051.18,2028568.98,1801208.14
2018-01-17,14.33,14.8,14.23,14.2,2656294.0,0.03,0.21,13.916,13.564,13.485,2204221.33,1999217.23,1749119.04
2018-01-16,14.17,14.38,14.2,14.02,2444549.0,0.0,0.0,13.764,13.474,13.438,2153618.03,2029837.65,1736201.49
2018-01-15,13.51,14.33,14.2,13.5,3122394.5,0.65,4.8,13.54,13.424,13.365,1933577.25,1993542.0,1654247.27
2018-01-12,13.45,13.68,13.55,13.41,1353991.38,0.15,1.12,13.292,13.334,13.291,1740822.5,1779594.1,1553125.17
2018-01-11,13.41,13.59,13.4,13.27,1443877.75,-0.07,-0.52,13.242,13.3,13.264,1712086.77,1799498.0,1535525.5
2018-01-10,13.04,13.49,13.47,12.92,2403277.5,0.39,2.98,13.212,13.289,13.25,1794213.12,1791766.9,1527794.02
2018-01-09,12.96,13.2,13.08,12.92,1344345.12,0.12,0.93,13.184,13.308,13.228,1906057.27,1663808.0,1494800.43
2018-01-08,13.25,13.29,12.96,12.86,2158620.75,-0.34,-2.56,13.308,13.325,13.249,2053506.75,1687930.21,1540680.81
2018-01-05,13.21,13.35,13.3,13.15,1210312.75,0.05,0.38,13.376,13.381,13.255,1818365.7,1546358.23,1500315.52
2018-01-04,13.32,13.37,13.25,13.13,1854509.5,-0.08,-0.6,13.358,13.405,13.232,1886909.23,1573847.31,1498897.78
2018-01-03,13.73,13.86,13.33,13.2,2962498.25,-0.37,-2.7,13.366,13.406,13.223,1789320.68,1499020.86,1487164.55
2018-01-02,13.35,13.93,13.7,13.32,2081592.5,0.4,3.01,13.432,13.401,13.222,1421558.73,1442565.33,1425223.7
2017-12-29,13.21,13.43,13.3,13.1,982915.5,0.09,0.68,13.342,13.306,13.202,1322353.68,1314952.53,1393845.25
2017-12-28,13.28,13.46,13.21,13.02,1553030.38,-0.08,-0.6,13.386,13.248,13.187,1274350.76,1326656.23,1433946.13
2017-12-27,13.58,13.78,13.29,13.19,1366566.75,-0.37,-2.71,13.452,13.227,13.195,1260785.39,1271552.99,1425276.4
2017-12-26,13.26,13.69,13.66,13.19,1123688.5,0.41,3.09,13.446,13.211,13.222,1208721.04,1263821.13,1435152.8
2017-12-25,13.52,13.86,13.25,13.16,1585567.25,-0.27,-2.0,13.37,13.147,13.224,1463571.94,1325792.86,1467290.0
2017-12-22,13.5,13.63,13.52,13.45,742900.94,-0.02,-0.15,13.27,13.172,13.258,1307551.39,1393431.41,1491215.9
2017-12-21,13.18,13.68,13.54,13.16,1485203.5,0.28,2.11,13.11,13.129,13.31,1378961.7,1454272.81,1585580.33
2017-12-20,13.2,13.31,13.26,13.13,1106245.0,-0.02,-0.15,13.002,13.058,13.35,1282320.6,1423948.25,1632777.26
2017-12-19,12.79,13.32,13.28,12.74,2397943.0,0.53,4.16,12.976,13.04,13.442,1318921.22,1475308.25,1705976.58
2017-12-18,12.73,12.91,12.75,12.64,805464.5,0.03,0.24,12.924,13.042,13.501,1188013.77,1407882.08,1710845.82
2017-12-15,12.9,12.93,12.72,12.67,1099952.5,-0.28,-2.15,13.074,13.097,13.576,1479311.42,1472737.98,1812768.88
2017-12-14,13.15,13.31,13.0,12.91,1001998.0,-0.13,-0.99,13.148,13.125,13.599,1529583.92,1541236.04,1860978.74
2017-12-13,13.0,13.2,13.13,12.88,1289248.12,0.11,0.84,13.114,13.163,13.604,1565575.9,1578999.8,1870919.58
2017-12-12,13.4,13.48,13.02,13.02,1743405.75,-0.48,-3.56,13.104,13.232,13.592,1631695.28,1606484.48,1869609.79
2017-12-11,13.08,13.57,13.5,12.88,2261952.75,0.41,3.13,13.16,13.3,13.589,1627750.38,1608787.15,1871454.62
2017-12-08,12.89,13.09,13.09,12.75,1351315.0,0.26,2.03,13.12,13.343,13.559,1466164.53,1589000.4,1886702.29
2017-12-07,13.05,13.14,12.83,12.75,1181957.88,-0.25,-1.91,13.102,13.49,13.519,1552888.15,1716887.85,1907014.16
2017-12-06,13.26,13.27,13.08,12.79,1619845.0,-0.22,-1.65,13.212,13.642,13.494,1592423.7,1841606.26,1962680.73
2017-12-05,13.15,13.49,13.3,13.1,1723681.25,0.0,0.0,13.36,13.844,13.447,1581273.67,1936644.91,2094829.76
2017-12-04,13.05,13.37,13.3,13.0,1454023.5,0.3,2.31,13.44,13.959,13.378,1589823.92,2013809.56,2132503.86
2017-12-01,13.4,13.48,13.0,12.96,1784933.12,-0.38,-2.84,13.566,14.054,13.277,1711836.27,2152799.79,2111297.82
2017-11-30,13.7,13.73,13.38,13.26,1379635.62,-0.44,-3.18,13.878,14.072,13.196,1880887.55,2180721.45,2059218.33
2017-11-29,13.73,13.93,13.82,13.47,1564094.88,0.12,0.88,14.072,14.044,13.104,2090788.83,2162839.36,2020451.97
2017-11-28,13.85,13.85,13.7,13.4,1766432.5,-0.23,-1.65,14.328,13.952,12.983,2292016.15,2132735.1,1976878.12
2017-11-27,14.3,14.3,13.93,13.75,2064085.25,-0.63,-4.33,14.478,13.877,12.875,2437795.2,2134122.09,1919931.07
2017-11-24,14.29,14.59,14.56,13.78,2630189.5,0.21,1.46,14.542,13.774,12.757,2593763.3,2184404.19,1880639.15
2017-11-23,15.15,15.24,14.35,14.07,2429142.0,-0.75,-4.97,14.266,13.548,12.607,2480555.35,2097140.48,1817134.0
2017-11-22,14.48,15.24,15.1,14.48,2570231.5,0.65,4.5,14.016,13.346,12.448,2234889.9,2083755.2,1742126.7
2017-11-21,14.07,14.79,14.45,14.01,2495327.75,0.2,1.4,13.576,13.049,12.257,1973454.05,2253014.6,1634543.81
2017-11-20,13.13,14.25,14.25,13.05,2843925.75,1.07,8.12,13.276,12.796,12.104,1830448.98,2251198.15,1540721.02
2017-11-17,13.17,13.46,13.18,13.03,2064149.75,0.08,0.61,13.006,12.499,11.951,1775045.08,2069795.86,1452247.98
2017-11-16,12.9,13.12,13.1,12.67,1200814.75,0.2,1.55,12.83,12.32,11.866,1713725.6,1937715.2,1372130.89
2017-11-15,12.9,13.13,12.9,12.77,1263052.25,-0.05,-0.39,12.676,12.164,11.792,1932620.5,1878064.58,1348228.4
2017-11-14,12.95,13.26,12.95,12.81,1780302.38,0.05,0.39,12.522,12.014,11.732,2532575.15,1821021.15,1328644.05
2017-11-13,12.35,13.1,12.9,12.35,2566906.25,0.6,4.88,12.316,11.873,11.66,2671947.33,1705740.05,1264947.55
2017-11-10,12.37,12.55,12.3,12.15,1757552.38,-0.03,-0.24,11.992,11.739,11.594,2364546.64,1576874.12,1188414.77
2017-11-09,12.2,12.57,12.33,12.15,2295289.25,0.2,1.65,11.81,11.665,11.547,2161704.8,1537127.52,1137405.95
2017-11-08,12.0,12.59,12.13,11.93,4262825.5,0.21,1.76,11.652,11.55,11.508,1823508.65,1400498.2,1051544.75
2017-11-07,11.27,12.09,11.92,11.25,2477163.25,0.64,5.67,11.506,11.464,11.478,1109467.14,1016073.01,871307.36
2017-11-06,11.42,11.42,11.28,11.09,1029902.81,-0.11,-0.97,11.43,11.411,11.456,739532.76,830243.88,784845.46
2017-11-03,11.49,11.68,11.39,11.35,743343.19,-0.15,-1.3,11.486,11.402,11.457,789201.6,834700.1,799611.68
2017-11-02,11.36,11.58,11.54,11.26,604308.5,0.14,1.23,11.52,11.411,11.443,912550.24,806546.59,796558.52
2017-11-01,11.56,11.59,11.4,11.32,692617.94,-0.14,-1.21,11.448,11.42,11.41,977487.75,818392.22,792204.1
2017-10-31,11.55,11.58,11.54,11.39,627491.38,-0.02,-0.17,11.422,11.449,11.386,922678.88,836266.96,793932.61
2017-10-30,11.55,11.73,11.56,11.45,1278247.0,0.0,0.0,11.392,11.446,11.362,920954.99,824155.06,810931.09
2017-10-27,11.19,11.56,11.56,11.18,1360086.38,0.38,3.4,11.318,11.449,11.348,880198.59,799955.42,773638.29
2017-10-26,11.25,11.32,11.18,11.12,928996.06,-0.09,-0.8,11.302,11.429,11.342,700542.94,737684.38,735330.35
2017-10-25,11.36,11.37,11.27,11.25,418573.59,-0.12,-1.05,11.392,11.466,11.356,659296.69,702591.31,723500.95
2017-10-24,11.2,11.42,11.39,11.18,618871.94,0.2,1.79,11.476,11.492,11.357,749855.04,726541.71,741930.0
2017-10-23,11.39,11.4,11.19,11.15,1074465.0,-0.29,-2.53,11.5,11.5,11.344,727355.12,739447.04,749197.04
2017-10-20,11.59,11.59,11.48,11.41,461808.09,-0.15,-1.29,11.58,11.511,11.347,719712.24,764523.26,725854.44
2017-10-19,11.64,11.72,11.63,11.57,722764.81,-0.06,-0.51,11.556,11.474,11.338,774825.82,786570.46,735068.77
2017-10-18,11.53,11.7,11.69,11.51,871365.38,0.18,1.56,11.54,11.399,11.322,745885.92,766015.98,743084.92
2017-10-17,11.62,11.65,11.51,11.48,506372.31,-0.08,-0.69,11.508,11.323,11.309,703228.37,751598.26,732928.52
2017-10-16,11.36,11.6,11.59,11.29,1036250.62,0.23,2.02,11.5,11.277,11.311,751538.96,797707.12,749919.08
2017-10-13,11.56,11.56,11.36,11.25,737376.0,-0.19,-1.65,11.442,11.247,11.3,809334.29,747321.16,733080.18
2017-10-12,11.54,11.58,11.55,11.47,578065.31,0.02,0.17,11.392,11.255,11.307,798315.1,732976.32,720275.19
2017-10-11,11.48,11.58,11.53,11.34,658077.62,0.06,0.52,11.258,11.246,11.301,786146.04,744410.59,722081.29
2017-10-10,11.33,11.5,11.47,11.33,747925.25,0.17,1.5,11.138,11.222,11.31,799968.15,757318.3,728758.48
2017-10-09,11.57,11.64,11.3,11.26,1325227.25,0.19,1.71,11.054,11.188,11.318,843875.28,758947.04,755738.16
2017-09-29,10.92,11.16,11.11,10.86,682280.06,0.23,2.11,11.052,11.183,11.339,685308.04,687185.61,757093.08
2017-09-28,10.98,10.98,10.88,10.82,517220.0,-0.05,-0.46,11.118,11.201,11.344,667637.55,683567.08,770977.92
2017-09-27,11.01,11.08,10.93,10.9,727188.19,-0.12,-1.09,11.234,11.245,11.364,702675.14,720153.86,802706.24
2017-09-26,11.26,11.3,11.05,10.96,967460.88,-0.24,-2.13,11.306,11.295,11.389,714668.45,714258.78,821180.57
2017-09-25,11.44,11.45,11.29,11.18,532391.06,-0.15,-1.31,11.322,11.344,11.42,674018.8,702131.04,840706.71
2017-09-22,11.43,11.52,11.44,11.31,593927.62,-0.02,-0.17,11.314,11.353,11.423,689063.17,718839.21,894284.07
2017-09-21,11.26,11.51,11.46,11.2,692407.94,0.17,1.51,11.284,11.358,11.407,699496.61,707574.06,912784.69
2017-09-20,11.14,11.37,11.29,11.05,787154.75,0.16,1.44,11.256,11.356,11.38,737632.57,699751.99,924376.72
2017-09-19,11.25,11.34,11.13,11.08,764212.62,-0.12,-1.07,11.284,11.397,11.361,713849.11,700198.67,950976.58
2017-09-18,11.25,11.32,11.25,11.2,607612.94,-0.04,-0.35,11.366,11.448,11.337,730243.28,752529.28,956550.04
2017-09-15,11.29,11.32,11.29,11.15,646094.81,-0.03,-0.27,11.392,11.495,11.297,748615.24,827000.55,946127.13
2017-09-14,11.43,11.59,11.32,11.24,883087.75,-0.11,-0.96,11.432,11.487,11.255,715651.51,858388.75,944648.41
2017-09-13,11.49,11.54,11.43,11.34,668237.44,-0.11,-0.95,11.456,11.483,11.21,661871.41,885258.63,928176.13
2017-09-12,11.38,11.54,11.54,11.27,846183.44,0.16,1.41,11.51,11.483,11.155,686548.22,928102.36,932604.56
2017-09-11,11.54,11.69,11.38,11.3,699472.75,-0.11,-0.96,11.53,11.496,11.094,774815.28,979282.38,944053.51
2017-09-08,11.46,11.64,11.49,11.38,481276.16,0.05,0.44,11.598,11.493,11.036,905385.86,1069728.93,966963.1
2017-09-07,11.65,11.75,11.44,11.39,614187.25,-0.26,-2.22,11.542,11.455,10.962,1001126.0,1117995.31,1064931.45
2017-09-06,11.59,11.88,11.7,11.48,791621.5,0.06,0.52,11.51,11.404,10.921,1108645.85,1149001.45,1082216.09
2017-09-05,11.68,11.94,11.64,11.6,1287518.75,-0.08,-0.68,11.456,11.324,10.873,1169656.5,1201754.49,1094751.11
2017-09-04,11.18,11.72,11.72,11.17,1352325.62,0.51,4.55,11.462,11.225,10.843,1183749.47,1160570.79,1064853.54
2017-09-01,11.28,11.39,11.21,11.15,959976.88,-0.07,-0.62,11.388,11.099,10.807,1234072.0,1065253.72,1040269.47
2017-08-31,11.39,11.44,11.28,11.15,1151786.5,-0.15,-1.31,11.368,11.022,10.805,1234864.62,1030908.07,1059968.2
2017-08-30,11.68,11.7,11.43,11.35,1096674.75,-0.24,-2.06,11.298,10.936,10.792,1189357.05,971093.63,1051589.85
2017-08-29,11.3,11.74,11.67,11.28,1357983.62,0.32,2.82,11.192,10.827,10.778,1233852.47,937106.76,1099859.57
2017-08-28,11.1,11.54,11.35,11.1,1603938.25,0.24,2.16,10.988,10.691,10.746,1137392.11,908824.63,1133745.88
2017-08-25,10.94,11.17,11.11,10.9,963940.0,0.18,1.65,10.81,10.578,10.712,896435.44,864197.27,1132342.19
2017-08-24,10.89,11.11,10.93,10.84,924248.62,0.03,0.28,10.676,10.469,10.694,826951.51,1011867.59,1125104.95
2017-08-23,10.63,10.98,10.9,10.59,1319151.88,0.25,2.35,10.574,10.438,10.677,752830.21,1015430.73,1138617.04
2017-08-22,10.48,10.66,10.65,10.37,875681.81,0.19,1.82,10.462,10.421,10.669,640361.04,987747.73,1157530.05
2017-08-21,10.43,10.52,10.46,10.39,399154.88,0.02,0.19,10.394,10.461,10.686,680257.15,969136.29,1211484.38
2017-08-18,10.36,10.6,10.44,10.29,616520.38,0.02,0.19,10.346,10.515,10.711,831959.1,1015285.23,1276159.86
2017-08-17,10.35,10.42,10.42,10.29,553642.12,0.08,0.77,10.262,10.588,10.733,1196783.67,1089028.34,1320384.84
2017-08-16,10.29,10.37,10.34,10.15,756806.0,0.03,0.29,10.302,10.647,10.761,1278031.25,1132086.06,1369569.66
2017-08-15,10.24,10.51,10.31,10.21,1075162.38,0.09,0.88,10.38,10.728,10.798,1335134.41,1262612.38,1428383.16
2017-08-14,10.13,10.25,10.22,10.04,1157664.62,0.2,2.0,10.528,10.801,10.835,1258015.42,1358667.13,1492096.63
2017-08-11,10.48,10.54,10.02,9.99,2440643.25,-0.6,-5.65,10.684,10.846,10.865,1198611.35,1400487.1,1597869.56
2017-08-10,10.7,10.82,10.62,10.54,959880.0,-0.11,-1.02,10.914,10.918,10.909,981273.0,1238342.31,1561965.91
2017-08-09,10.96,11.02,10.73,10.68,1042321.81,-0.32,-2.9,10.992,10.915,10.923,986140.88,1261803.35,1663698.63
2017-08-08,11.0,11.11,11.05,10.91,689567.44,0.05,0.46,11.076,10.916,10.903,1190090.34,1327312.38,1761524.75
2017-08-07,11.06,11.17,11.0,10.9,860644.25,-0.17,-1.52,11.074,10.911,10.863,1459318.83,1453832.48,1917650.72
2017-08-04,11.0,11.29,11.17,10.93,1353951.5,0.16,1.45,11.008,10.906,10.793,1602362.85,1537034.5,1942659.3
2017-08-03,11.14,11.22,11.01,10.97,984219.38,-0.14,-1.26,10.922,10.878,10.708,1495411.63,1551741.35,1912980.21
2017-08-02,11.05,11.34,11.15,10.96,2062069.12,0.11,1.0,10.838,10.874,10.627,1537465.83,1607053.26,1900714.83
2017-08-01,10.64,11.08,11.04,10.6,2035709.88,0.37,3.47,10.756,10.868,10.538,1464534.43,1594153.94,1825997.37
2017-07-31,10.8,10.82,10.67,10.45,1575864.38,-0.07,-0.65,10.748,10.869,10.453,1448346.13,1625526.13,1748630.01
2017-07-28,10.61,10.81,10.74,10.58,819195.38,0.15,1.42,10.804,10.883,10.39,1471706.15,1795252.01,1689254.26
2017-07-27,10.72,10.77,10.59,10.53,1194490.38,-0.15,-1.4,10.834,10.899,10.322,1608071.08,1885589.5,1673276.16
2017-07-26,10.92,11.18,10.74,10.66,1697412.12,-0.26,-2.36,10.91,10.93,10.264,1676640.7,2065593.91,1637991.87
2017-07-25,10.98,11.27,11.0,10.95,1954768.38,0.05,0.46,10.98,10.89,10.199,1723773.45,2195737.13,1611561.08
2017-07-24,10.82,11.06,10.95,10.73,1692664.5,0.06,0.55,10.99,10.815,10.117,1802706.13,2381468.96,1541123.46
2017-07-21,10.83,10.95,10.89,10.69,1501020.0,0.08,0.74,10.962,10.679,10.034,2118797.88,2348284.1,1492028.73
2017-07-20,11.08,11.22,10.97,10.91,1537338.5,-0.12,-1.08,10.964,10.537,9.952,2163107.93,2274219.06,1446177.95
2017-07-19,10.99,11.19,11.09,10.88,1933075.88,0.04,0.36,10.95,10.38,9.866,2454547.13,2194376.39,1440658.93
2017-07-18,10.75,11.14,11.05,10.62,2349431.75,0.24,2.22,10.8,10.208,9.769,2667700.8,2057840.81,1368851.75
2017-07-17,10.95,11.33,10.81,10.72,3273123.25,-0.09,-0.83,10.64,10.037,9.673,2960231.8,1871733.88,1267060.94
2017-07-14,10.81,10.94,10.9,10.66,1722570.25,0.0,0.0,10.396,9.896,9.589,2577770.33,1583256.5,1127890.02
2017-07-13,10.3,10.9,10.9,10.24,2994534.5,0.56,5.42,10.11,9.745,9.495,2385330.2,1460962.82,1056061.06
2017-07-12,10.27,10.58,10.34,10.2,2998844.25,0.09,0.88,9.81,9.598,9.402,1934205.66,1210389.83,923224.23
2017-07-11,9.61,10.46,10.25,9.61,3812086.75,0.66,6.88,9.616,9.507,9.339,1447980.81,1027385.03,792054.23
2017-07-10,9.45,9.66,9.59,9.44,1360815.88,0.12,1.27,9.434,9.418,9.282,783235.97,700777.96,623871.64
2017-07-07,9.37,9.48,9.47,9.34,760369.62,0.07,0.74,9.396,9.389,9.258,588742.67,635773.37,581059.76
2017-07-06,9.36,9.41,9.4,9.31,738911.81,0.03,0.32,9.38,9.367,9.242,536595.44,618136.84,577314.68
2017-07-05,9.29,9.38,9.37,9.27,567720.0,0.03,0.32,9.386,9.352,9.229,486573.99,686941.48,559519.31
2017-07-04,9.4,9.41,9.34,9.3,488362.53,-0.06,-0.64,9.398,9.33,9.217,606789.24,679862.69,563419.47
2017-07-03,9.4,9.43,9.4,9.34,388349.38,0.01,0.11,9.402,9.308,9.202,618319.96,662388.0,556768.42
2017-06-30,9.4,9.43,9.39,9.31,499633.47,-0.04,-0.42,9.382,9.281,9.183,682804.07,672523.54,569057.59
2017-06-29,9.43,9.45,9.43,9.37,488804.56,0.0,0.0,9.354,9.244,9.172,699678.25,651159.3,582613.77
2017-06-28,9.35,9.49,9.43,9.33,1168796.25,0.07,0.75,9.318,9.205,9.16,887308.96,636058.63,586482.68
2017-06-27,9.3,9.39,9.36,9.27,546016.12,0.06,0.65,9.262,9.17,9.149,752936.15,556723.44,579703.41
2017-06-26,9.26,9.4,9.3,9.26,710769.94,0.05,0.54,9.214,9.146,9.136,706456.04,546965.32,552403.21
2017-06-23,9.23,9.27,9.25,9.16,584004.38,0.0,0.0,9.18,9.127,9.126,662243.02,526346.14,561633.0
2017-06-22,9.15,9.4,9.25,9.14,1426958.12,0.1,1.09,9.134,9.117,9.119,602640.35,536492.51,613509.96
2017-06-21,9.17,9.18,9.15,9.11,496932.19,0.03,0.33,9.092,9.105,9.097,384808.3,432097.15,568780.89
2017-06-20,9.12,9.16,9.12,9.09,313615.59,-0.01,-0.11,9.078,9.103,9.079,360510.72,446976.25,583936.29
2017-06-19,9.03,9.15,9.13,9.02,489704.81,0.11,1.22,9.078,9.095,9.057,387474.6,451148.85,602211.51
2017-06-16,9.04,9.08,9.02,9.01,285991.03,-0.02,-0.22,9.074,9.085,9.035,390449.27,465591.64,592439.81
2017-06-15,9.08,9.08,9.04,9.03,337797.88,-0.04,-0.44,9.1,9.1,9.02,470344.68,514068.24,589510.32
2017-06-14,9.12,9.13,9.08,9.04,375444.31,-0.04,-0.44,9.118,9.115,9.007,479385.99,536906.73,593487.32
2017-06-13,9.11,9.14,9.12,9.05,448434.97,0.01,0.11,9.128,9.127,8.995,533441.78,602683.39,600958.72
2017-06-12,9.15,9.19,9.11,9.1,504578.16,-0.04,-0.44,9.112,9.126,8.982,514823.09,557841.09,605365.88
2017-06-09,9.15,9.22,9.15,9.12,685468.06,0.02,0.22,9.096,9.125,8.971,540734.0,596919.85,626035.39
2017-06-08,9.11,9.15,9.13,9.08,383004.47,0.0,0.0,9.1,9.12,8.949,557791.8,690527.41,616944.16
2017-06-07,9.02,9.15,9.13,9.01,645723.25,0.09,1.0,9.112,9.088,8.926,594427.46,705464.63,626447.82
2017-06-06,9.01,9.06,9.04,8.99,355341.53,0.01,0.11,9.126,9.054,8.901,671924.99,720896.32,610371.38
2017-06-05,9.13,9.17,9.03,8.99,634132.69,-0.14,-1.53,9.14,9.018,8.878,600859.09,753274.18,615608.8
2017-06-02,9.18,9.29,9.17,9.14,770757.06,-0.02,-0.22,9.154,8.984,8.858,653105.7,719287.99,615087.21
2017-06-01,9.2,9.23,9.19,9.12,566182.75,-0.01,-0.11,9.14,8.94,8.836,823263.01,664952.4,611375.21
2017-05-31,9.1,9.23,9.2,9.06,1033210.94,0.1,1.1,9.064,8.898,8.822,816501.8,650067.92,597081.61
2017-05-30,9.11,9.11,9.11,9.11,12.0,0.01,0.11,8.982,8.862,8.809,769867.65,599234.06,560972.36
2017-05-26,9.08,9.13,9.1,9.04,895365.75,0.0,0.0,8.896,8.837,8.803,905689.26,652890.68,575294.08
2017-05-25,8.79,9.14,9.1,8.78,1621543.62,0.29,3.29,8.814,8.817,8.797,785470.28,655150.92,549895.42
2017-05-24,8.78,8.83,8.81,8.68,532376.69,0.02,0.23,8.74,8.777,8.791,506641.78,543360.92,487925.59
2017-05-23,8.67,8.84,8.79,8.64,800040.19,0.11,1.27,8.732,8.763,8.801,483634.04,547431.02,480203.43
2017-05-22,8.68,8.73,8.68,8.61,679120.06,-0.01,-0.12,8.742,8.748,8.808,428600.47,499846.44,459951.18
2017-05-19,8.74,8.76,8.69,8.68,294270.84,-0.04,-0.46,8.778,8.737,8.822,400092.09,477943.43,442265.59
2017-05-18,8.72,8.77,8.73,8.71,227401.12,-0.04,-0.46,8.82,8.731,8.834,524831.56,510886.42,449433.55
2017-05-17,8.81,8.81,8.77,8.75,417338.0,-0.07,-0.79,8.814,8.732,8.843,580080.05,557798.02,478046.92
2017-05-16,8.84,8.85,8.84,8.73,524872.31,-0.02,-0.23,8.794,8.746,8.857,611227.99,544095.29,473948.87
2017-05-15,8.89,8.95,8.86,8.81,536578.19,-0.04,-0.45,8.754,8.756,8.87,571092.42,522710.67,474299.86
2017-05-12,8.68,8.9,8.9,8.64,917968.19,0.2,2.3,8.696,8.769,8.881,555794.76,497697.49,471995.97
2017-05-11,8.65,8.72,8.7,8.6,503643.56,0.03,0.35,8.642,8.776,8.892,496941.28,444639.93,443969.69
2017-05-10,8.63,8.8,8.67,8.62,573077.69,0.03,0.35,8.65,8.805,8.913,535515.98,432490.27,441554.34
2017-05-09,8.56,8.64,8.64,8.55,324194.47,0.07,0.82,8.698,8.838,8.937,476962.59,412975.84,443522.35
2017-05-08,8.6,8.62,8.57,8.54,460089.88,-0.06,-0.69,8.758,8.867,8.964,474328.92,420055.92,447379.83
2017-05-05,8.74,8.76,8.63,8.58,623700.81,-0.11,-1.26,8.842,8.907,8.995,439600.22,406587.75,450117.57
2017-05-04,8.89,8.89,8.74,8.72,696517.06,-0.17,-1.91,8.91,8.936,9.024,392338.57,387980.67,440652.1
2017-05-03,8.92,8.93,8.91,8.89,280310.75,-0.03,-0.34,8.96,8.953,9.047,329464.56,398295.82,430783.75
2017-05-02,8.96,8.96,8.94,8.9,311026.09,-0.05,-0.56,8.978,8.967,9.06,348989.09,403802.44,448424.28
2017-04-28,8.96,8.99,8.99,8.92,286446.38,0.02,0.22,8.976,8.983,9.067,365782.93,425889.05,467237.25
2017-04-27,8.97,8.98,8.97,8.91,387392.56,-0.02,-0.22,8.972,8.992,9.073,373575.28,446294.46,482971.96
2017-04-26,9.0,9.01,8.99,8.96,382147.03,-0.01,-0.11,8.962,9.007,9.081,383622.77,443299.46,487670.97
2017-04-25,8.93,9.01,9.0,8.93,377933.38,0.07,0.78,8.946,9.02,9.088,467127.08,450618.41,517814.22
2017-04-24,8.97,8.98,8.93,8.89,394995.28,-0.04,-0.45,8.956,9.035,9.098,458615.79,474068.87,534458.94
2017-04-21,8.92,8.99,8.97,8.9,325408.16,0.05,0.56,8.99,9.06,9.111,485995.18,474703.73,536388.59
2017-04-20,8.9,8.94,8.92,8.89,437630.0,0.01,0.11,9.012,9.083,9.121,519013.64,493647.39,548424.37
2017-04-19,9.03,9.04,8.91,8.9,799668.56,-0.14,-1.55,9.052,9.111,9.137,502976.15,493323.54,554275.3
2017-04-18,9.09,9.1,9.05,9.05,335376.97,-0.05,-0.55,9.094,9.141,9.154,434109.74,463271.69,550042.96
2017-04-17,9.08,9.11,9.1,9.05,531892.19,0.02,0.22,9.114,9.153,9.167,489521.94,493046.11,612456.47
2017-04-14,9.11,9.12,9.08,9.06,490500.47,-0.04,-0.44,9.13,9.151,9.188,463412.28,508585.44,617659.55
2017-04-13,9.11,9.14,9.12,9.1,357442.56,0.0,0.0,9.154,9.154,9.208,468281.14,519649.46,620462.57
2017-04-12,9.16,9.17,9.12,9.1,455336.53,-0.03,-0.33,9.17,9.154,9.224,483670.92,532042.48,622814.66
2017-04-11,9.17,9.19,9.15,9.09,612437.94,-0.03,-0.33,9.188,9.156,9.24,492433.63,585010.04,627313.05
2017-04-10,9.2,9.21,9.18,9.17,401343.91,-0.02,-0.22,9.192,9.16,9.252,496570.28,594849.02,616200.27
2017-04-07,9.19,9.22,9.2,9.17,514844.75,0.0,0.0,9.172,9.162,9.262,553758.6,598073.46,615041.57
2017-04-06,9.2,9.22,9.2,9.17,434391.47,-0.01,-0.11,9.154,9.158,9.273,571017.79,603201.35,601521.25
2017-04-05,9.16,9.22,9.21,9.15,499150.09,0.04,0.44,9.138,9.162,9.286,580414.04,615227.07,594535.32
2017-03-31,9.08,9.18,9.17,9.08,633121.19,0.09,0.99,9.124,9.166,9.298,677586.44,636814.24,589803.38
2017-03-30,9.12,9.12,9.08,9.06,687285.5,-0.03,-0.33,9.128,9.18,9.309,693127.76,731866.82,575280.08
2017-03-29,9.13,9.15,9.11,9.09,601140.69,-0.01,-0.11,9.152,9.224,9.327,642388.32,726733.65,561097.24
2017-03-28,9.16,9.17,9.12,9.1,481372.75,-0.02,-0.22,9.162,9.261,9.346,635384.9,721275.67,548389.89
2017-03-27,9.12,9.19,9.14,9.08,985012.06,-0.05,-0.54,9.186,9.293,9.364,650040.1,713586.83,542807.24
2017-03-24,9.2,9.24,9.19,9.16,710827.81,-0.01,-0.11,9.208,9.323,9.378,596042.04,669616.07,513923.69
2017-03-23,9.16,9.24,9.2,9.15,433588.28,0.04,0.44,9.232,9.344,9.394,770605.88,637551.52,495007.31
2017-03-22,9.2,9.22,9.16,9.14,566123.62,-0.08,-0.87,9.296,9.362,9.409,811078.99,632009.68,490094.28
2017-03-21,9.25,9.26,9.24,9.2,554648.75,-0.01,-0.11,9.36,9.388,9.43,807166.44,599841.16,484936.41
2017-03-20,9.29,9.31,9.25,9.22,715021.75,-0.06,-0.64,9.4,9.409,9.446,777133.56,573843.56,489533.18
2017-03-17,9.45,9.46,9.31,9.3,1583647.0,-0.21,-2.21,9.438,9.429,9.462,743190.1,542792.53,498719.86
2017-03-16,9.48,9.53,9.52,9.45,635953.81,0.04,0.42,9.456,9.438,9.466,504497.15,418693.34,440726.26
2017-03-15,9.42,9.48,9.48,9.42,546560.88,0.04,0.42,9.428,9.429,9.463,452940.37,395460.83,429486.63
2017-03-14,9.43,9.46,9.44,9.41,404484.38,0.0,0.0,9.416,9.43,9.461,392515.88,375504.11,439989.23
2017-03-13,9.39,9.45,9.44,9.37,545304.44,0.04,0.43,9.418,9.434,9.459,370553.56,372027.64,437885.25
2017-03-10,9.38,9.41,9.4,9.36,390182.25,0.02,0.21,9.42,9.433,9.458,342394.95,358231.31,442538.26
2017-03-09,9.41,9.43,9.38,9.36,378169.91,-0.04,-0.42,9.42,9.443,9.454,332889.52,352463.1,447166.31
2017-03-08,9.43,9.45,9.42,9.4,244438.41,-0.03,-0.32,9.43,9.456,9.451,337981.28,348178.89,445400.57
2017-03-07,9.44,9.46,9.45,9.4,294672.81,0.0,0.0,9.444,9.471,9.445,358492.34,370031.66,451192.27
2017-03-06,9.4,9.46,9.45,9.39,404511.38,0.05,0.53,9.45,9.483,9.437,373501.72,405222.8,456302.88
2017-03-03,9.41,9.43,9.4,9.36,342655.09,-0.03,-0.32,9.446,9.494,9.43,374067.67,454647.2,461916.62
2017-03-02,9.51,9.54,9.43,9.42,403628.72,-0.06,-0.63,9.466,9.493,9.423,372036.67,462759.18,460557.47
2017-03-01,9.49,9.55,9.49,9.47,346993.72,0.01,0.1,9.482,9.496,9.465,358376.49,463512.42,441343.29
2017-02-28,9.43,9.51,9.48,9.42,369719.69,0.05,0.53,9.498,9.492,9.457,381570.97,504474.36,445029.23
2017-02-27,9.5,9.5,9.43,9.42,407341.12,-0.07,-0.74,9.516,9.484,9.446,436943.87,503742.85,441763.34
2017-02-24,9.5,9.54,9.5,9.48,332500.12,-0.01,-0.1,9.542,9.482,9.438,535226.72,526845.21,444908.49
2017-02-23,9.55,9.57,9.51,9.48,335327.81,-0.06,-0.63,9.52,9.465,9.424,553481.69,541869.52,449298.45
2017-02-22,9.57,9.57,9.57,9.5,462966.12,0.0,0.0,9.51,9.445,9.409,568648.36,542622.26,452198.49
2017-02-21,9.55,9.62,9.57,9.54,646584.19,0.01,0.1,9.486,9.418,9.39,627377.74,532352.88,450935.83
2017-02-20,9.4,9.58,9.56,9.4,898755.38,0.17,1.81,9.452,9.391,9.37,570541.82,507382.96,447320.09
2017-02-17,9.46,9.49,9.39,9.37,423774.97,-0.07,-0.74,9.422,9.366,9.349,518463.7,469186.04,429659.94
2017-02-16,9.45,9.5,9.46,9.42,411161.12,0.01,0.11,9.41,9.353,9.337,530257.35,458355.76,442629.48
2017-02-15,9.4,9.54,9.45,9.39,756613.06,0.05,0.53,9.38,9.433,9.322,516596.15,419174.15,443786.49
2017-02-14,9.41,9.42,9.4,9.37,362404.59,-0.01,-0.11,9.35,9.421,9.307,437328.02,385584.1,427356.18
2017-02-13,9.34,9.44,9.41,9.33,638364.75,0.08,0.86,9.33,9.407,9.294,444224.1,379783.84,424407.49
2017-02-10,9.32,9.36,9.33,9.31,482743.25,0.02,0.21,9.31,9.393,9.281,419908.37,362971.77,404541.95
2017-02-09,9.3,9.33,9.31,9.28,342855.12,0.01,0.11,9.296,9.382,9.272,386454.17,356727.38,398458.87
2017-02-08,9.29,9.3,9.3,9.24,360272.41,0.0,0.0,9.486,9.373,9.263,321752.15,361774.72,399223.82
2017-02-07,9.31,9.32,9.3,9.27,396884.97,-0.01,-0.11,9.492,9.361,9.256,333840.18,369518.77,398428.85
2017-02-06,9.26,9.32,9.31,9.26,516786.12,0.05,0.54,9.484,9.348,9.249,315343.58,387257.21,401051.07
2017-02-03,9.34,9.36,9.26,9.23,315472.25,-0.07,-0.75,9.476,9.332,9.242,306035.17,390133.84,398203.79
2017-02-02,9.45,10.26,10.26,9.33,19345.0,0.93,9.97,9.468,9.32,9.234,327000.59,426903.19,397560.55
2017-01-26,9.27,9.34,9.33,9.26,420712.56,0.07,0.76,9.26,9.21,9.175,401797.3,468398.83,413531.22
2017-01-25,9.27,9.28,9.26,9.25,304401.97,-0.01,-0.11,9.23,9.192,9.161,405197.36,469128.25,409298.35
2017-01-24,9.23,9.28,9.27,9.2,470244.09,0.05,0.54,9.212,9.18,9.152,459170.84,469031.14,407520.31
2017-01-23,9.22,9.26,9.22,9.2,420299.31,0.0,0.0,9.188,9.168,9.145,474232.5,446112.13,399111.06
2017-01-20,9.17,9.23,9.22,9.17,393328.56,0.04,0.44,9.172,9.161,9.138,526805.8,440190.35,397241.7
2017-01-19,9.15,9.24,9.18,9.15,437712.88,0.01,0.11,9.16,9.152,9.134,535000.37,436672.92,394642.34
2017-01-18,9.14,9.19,9.17,9.13,574269.38,0.02,0.22,9.154,9.151,9.133,533059.14,427338.92,391252.72
2017-01-17,9.12,9.16,9.15,9.1,545552.38,0.01,0.11,9.148,9.15,9.13,478891.44,414844.93,394371.17
2017-01-16,9.15,9.16,9.14,9.07,683165.81,-0.02,-0.22,9.148,9.151,9.132,417991.75,406273.74,391794.08
2017-01-13,9.14,9.19,9.16,9.12,434301.38,0.01,0.11,9.15,9.147,9.138,353574.9,368217.9,377476.49
2017-01-12,9.13,9.17,9.15,9.13,428006.75,0.01,0.11,9.144,9.139,9.142,338345.47,358663.62,397142.07
2017-01-11,9.14,9.17,9.14,9.13,303430.88,-0.01,-0.11,9.148,9.13,9.155,321618.7,349468.45,405627.02
2017-01-10,9.15,9.16,9.15,9.14,241053.95,0.0,0.0,9.152,9.124,9.169,350798.43,346009.49,422744.05
2017-01-09,9.13,9.17,9.15,9.11,361081.56,0.02,0.22,9.154,9.121,9.186,394555.73,352109.99,473535.05
2017-01-06,9.17,9.17,9.13,9.11,358154.19,-0.04,-0.44,9.144,9.114,9.211,382860.9,354293.05,531190.94
2017-01-05,9.17,9.18,9.17,9.15,344372.91,0.01,0.11,9.134,9.115,9.231,378981.76,352611.75,546855.84
2017-01-04,9.15,9.18,9.16,9.14,449329.53,0.0,0.0,9.112,9.114,9.246,377318.2,355166.53,554307.43
2017-01-03,9.11,9.18,9.16,9.09,459840.47,0.06,0.66,9.096,9.109,9.263,341220.54,373897.41,561986.09
2016-12-30,9.08,9.1,9.1,9.06,302607.38,0.02,0.22,9.088,9.113,9.278,309664.24,377314.43,577212.35
2016-12-29,9.07,9.09,9.08,9.05,338758.53,0.02,0.22,9.084,9.128,9.3,325725.2,386735.08,603566.31
2016-12-28,9.08,9.11,9.06,9.04,336055.09,-0.02,-0.22,9.096,9.145,9.326,326241.74,435620.52,618928.6
2016-12-27,9.12,9.13,9.08,9.07,268841.25,-0.04,-0.44,9.116,9.179,9.351,333014.85,461785.59,653424.0
2016-12-26,9.06,9.13,9.12,9.02,302058.97,0.04,0.44,9.122,9.213,9.378,406574.28,499478.62,684370.9
2016-12-23,9.14,9.14,9.08,9.07,382912.16,-0.06,-0.66,9.138,9.251,9.391,444964.61,594960.12,704492.58
2016-12-22,9.15,9.16,9.14,9.11,341341.25,-0.02,-0.22,9.172,9.308,9.408,447744.97,708088.83,722358.16
2016-12-21,9.12,9.16,9.16,9.11,369920.62,0.05,0.55,9.194,9.346,9.424,544999.29,741099.92,744770.91
2016-12-20,9.2,9.2,9.11,9.08,636638.38,-0.09,-0.98,9.242,9.378,9.441,590556.32,753448.34,768199.06
2016-12-19,9.22,9.23,9.2,9.17,494010.62,-0.05,-0.54,9.304,9.416,9.463,592382.96,750074.77,776969.77
2016-12-16,9.24,9.29,9.25,9.21,396813.97,0.0,0.0,9.364,9.442,9.481,744955.63,777110.28,797181.14
2016-12-15,9.37,9.41,9.25,9.21,827612.88,-0.15,-1.6,9.444,9.472,9.499,968432.69,820397.53,827978.61
2016-12-14,9.42,9.51,9.4,9.4,597705.75,-0.02,-0.21,9.498,9.507,9.52,937200.55,802236.68,828009.09
2016-12-13,9.48,9.5,9.42,9.33,645771.56,-0.08,-0.84,9.514,9.522,9.531,916340.35,845062.41,848945.76
2016-12-12,9.65,9.77,9.5,9.44,1256874.0,-0.15,-1.55,9.528,9.542,9.542,907766.59,869263.18,869263.18
2016-12-09,9.5,9.75,9.65,9.48,1514199.25,0.13,1.37,9.52,9.547,9.547,809264.93,826195.31,826195.31
2016-12-08,9.5,9.55,9.52,9.43,671452.19,0.04,0.42,9.5,9.534,9.534,672362.38,740194.81,740194.81
2016-12-07,9.48,9.49,9.48,9.41,493404.75,-0.01,-0.1,9.516,9.536,9.536,667272.81,750015.19,750015.19
2016-12-06,9.48,9.52,9.49,9.45,602902.75,0.03,0.32,9.53,9.545,9.545,773784.48,792783.6,792783.6
2016-12-05,9.5,9.54,9.46,9.41,764365.69,-0.09,-0.94,9.556,9.556,9.556,830759.76,830759.76,830759.76
2016-12-02,9.6,9.6,9.55,9.44,829686.5,-0.05,-0.52,9.58,9.58,9.58,847358.28,847358.28,847358.28
2016-12-01,9.57,9.63,9.6,9.55,646004.38,0.05,0.52,9.59,9.59,9.59,853248.88,853248.88,853248.88
2016-11-30,9.65,9.72,9.55,9.5,1025963.06,-0.07,-0.73,9.585,9.585,9.585,956871.13,956871.13,956871.13
2016-11-29,9.59,9.7,9.62,9.55,887779.19,-0.01,-0.1,9.62,9.62,9.62,887779.19,887779.19,887779.19
